%time,field.header.seq,field.header.stamp,field.header.frame_id,field.name0,field.name1,field.name2,field.name3,field.name4,field.name5,field.position0,field.position1,field.position2,field.position3,field.position4,field.position5
1407776789066896032,319,0,,jaco_joint_1,jaco_joint_2,jaco_joint_3,jaco_joint_4,jaco_joint_5,jaco_joint_6,-1.73996351503,-1.74348368136,0.700929085207,-0.819995289119,1.50751961929,3.13783280276
1407776789166728332,320,0,,jaco_joint_1,jaco_joint_2,jaco_joint_3,jaco_joint_4,jaco_joint_5,jaco_joint_6,-1.73996351503,-1.74348368136,0.700929085207,-0.819995289119,1.50751961929,3.13783280276
1407776789266749815,321,0,,jaco_joint_1,jaco_joint_2,jaco_joint_3,jaco_joint_4,jaco_joint_5,jaco_joint_6,-1.73996351503,-1.74348368136,0.700929085207,-0.819995289119,1.50751961929,3.13783280276
1407776789365910390,322,0,,jaco_joint_1,jaco_joint_2,jaco_joint_3,jaco_joint_4,jaco_joint_5,jaco_joint_6,-1.73996351503,-1.74348368136,0.700929085207,-0.819995289119,1.50751961929,3.13783280276
1407776789465756835,323,0,,jaco_joint_1,jaco_joint_2,jaco_joint_3,jaco_joint_4,jaco_joint_5,jaco_joint_6,-1.73996351503,-1.74348368136,0.700929085207,-0.819995289119,1.50751961929,3.13783280276
1407776789566848849,324,0,,jaco_joint_1,jaco_joint_2,jaco_joint_3,jaco_joint_4,jaco_joint_5,jaco_joint_6,-1.73996351503,-1.74348368136,0.700929085207,-0.819995289119,1.50751961929,3.13783280276
1407776789666833942,325,0,,jaco_joint_1,jaco_joint_2,jaco_joint_3,jaco_joint_4,jaco_joint_5,jaco_joint_6,-1.73996351503,-1.74348368136,0.700929085207,-0.819995289119,1.50751961929,3.13783280276
1407776789766844034,326,0,,jaco_joint_1,jaco_joint_2,jaco_joint_3,jaco_joint_4,jaco_joint_5,jaco_joint_6,-1.73996351503,-1.74348368136,0.700929085207,-0.819995289119,1.50751961929,3.13783280276
1407776789865816427,327,0,,jaco_joint_1,jaco_joint_2,jaco_joint_3,jaco_joint_4,jaco_joint_5,jaco_joint_6,-1.73996351503,-1.74348368136,0.700929085207,-0.819995289119,1.50751961929,3.13783280276
1407776789965671294,328,0,,jaco_joint_1,jaco_joint_2,jaco_joint_3,jaco_joint_4,jaco_joint_5,jaco_joint_6,-1.73996351503,-1.74348368136,0.700929085207,-0.819995289119,1.50751961929,3.13783280276
1407776790066762017,329,0,,jaco_joint_1,jaco_joint_2,jaco_joint_3,jaco_joint_4,jaco_joint_5,jaco_joint_6,-1.73996351503,-1.74348368136,0.700929085207,-0.819995289119,1.50751961929,3.13783280276
1407776790166859093,330,0,,jaco_joint_1,jaco_joint_2,jaco_joint_3,jaco_joint_4,jaco_joint_5,jaco_joint_6,-1.73996351503,-1.74348368136,0.700929085207,-0.819995289119,1.50751961929,3.13783280276
1407776790265764084,331,0,,jaco_joint_1,jaco_joint_2,jaco_joint_3,jaco_joint_4,jaco_joint_5,jaco_joint_6,-1.73996351503,-1.74348368136,0.700929085207,-0.819995289119,1.50751961929,3.13783280276
1407776790366705144,332,0,,jaco_joint_1,jaco_joint_2,jaco_joint_3,jaco_joint_4,jaco_joint_5,jaco_joint_6,-1.73996351503,-1.74348368136,0.700929085207,-0.819995289119,1.50751961929,3.13783280276
1407776790466909093,333,0,,jaco_joint_1,jaco_joint_2,jaco_joint_3,jaco_joint_4,jaco_joint_5,jaco_joint_6,-1.73996351503,-1.74348368136,0.700929085207,-0.819995289119,1.50751961929,3.13783280276
1407776790566704449,334,0,,jaco_joint_1,jaco_joint_2,jaco_joint_3,jaco_joint_4,jaco_joint_5,jaco_joint_6,-1.73996351503,-1.74348368136,0.700929085207,-0.819995289119,1.50751961929,3.13783280276
1407776790666734657,335,0,,jaco_joint_1,jaco_joint_2,jaco_joint_3,jaco_joint_4,jaco_joint_5,jaco_joint_6,-1.73996351503,-1.74348368136,0.700929085207,-0.819995289119,1.50751961929,3.13783280276
1407776790766833054,336,0,,jaco_joint_1,jaco_joint_2,jaco_joint_3,jaco_joint_4,jaco_joint_5,jaco_joint_6,-1.73996351503,-1.74348368136,0.700929085207,-0.819995289119,1.50751961929,3.13783280276
1407776790865783736,337,0,,jaco_joint_1,jaco_joint_2,jaco_joint_3,jaco_joint_4,jaco_joint_5,jaco_joint_6,-1.73996351503,-1.74348368136,0.700929085207,-0.819995289119,1.50751961929,3.13783280276
1407776790966767891,338,0,,jaco_joint_1,jaco_joint_2,jaco_joint_3,jaco_joint_4,jaco_joint_5,jaco_joint_6,-1.73996351503,-1.74348368136,0.700929085207,-0.819995289119,1.50751961929,3.13783280276
1407776791065752280,339,0,,jaco_joint_1,jaco_joint_2,jaco_joint_3,jaco_joint_4,jaco_joint_5,jaco_joint_6,-1.73996351503,-1.74348368136,0.700929085207,-0.819995289119,1.50751961929,3.13783280276
1407776791165698613,340,0,,jaco_joint_1,jaco_joint_2,jaco_joint_3,jaco_joint_4,jaco_joint_5,jaco_joint_6,-1.73996351503,-1.74348368136,0.700929085207,-0.819995289119,1.50751961929,3.13783280276
1407776791266847445,341,0,,jaco_joint_1,jaco_joint_2,jaco_joint_3,jaco_joint_4,jaco_joint_5,jaco_joint_6,-1.73996351503,-1.74348368136,0.700929085207,-0.819995289119,1.50751961929,3.13783280276
1407776791366666799,342,0,,jaco_joint_1,jaco_joint_2,jaco_joint_3,jaco_joint_4,jaco_joint_5,jaco_joint_6,-1.73996351503,-1.74348368136,0.700929085207,-0.819995289119,1.50751961929,3.13783280276
1407776791466712190,343,0,,jaco_joint_1,jaco_joint_2,jaco_joint_3,jaco_joint_4,jaco_joint_5,jaco_joint_6,-1.73996351503,-1.74348368136,0.700929085207,-0.819995289119,1.50751961929,3.13783280276
1407776791566799399,344,0,,jaco_joint_1,jaco_joint_2,jaco_joint_3,jaco_joint_4,jaco_joint_5,jaco_joint_6,-1.73996351503,-1.74348368136,0.700929085207,-0.819995289119,1.50751961929,3.13783280276
1407776791666815389,345,0,,jaco_joint_1,jaco_joint_2,jaco_joint_3,jaco_joint_4,jaco_joint_5,jaco_joint_6,-1.73996351503,-1.74348368136,0.700929085207,-0.819995289119,1.50751961929,3.13783280276
1407776791766697473,346,0,,jaco_joint_1,jaco_joint_2,jaco_joint_3,jaco_joint_4,jaco_joint_5,jaco_joint_6,-1.73996351503,-1.74348368136,0.700929085207,-0.819995289119,1.50751961929,3.13783280276
1407776791866682416,347,0,,jaco_joint_1,jaco_joint_2,jaco_joint_3,jaco_joint_4,jaco_joint_5,jaco_joint_6,-1.73996351503,-1.74348368136,0.700929085207,-0.819995289119,1.50751961929,3.13783280276
1407776791966683739,348,0,,jaco_joint_1,jaco_joint_2,jaco_joint_3,jaco_joint_4,jaco_joint_5,jaco_joint_6,-1.73996351503,-1.74348368136,0.700929085207,-0.819995289119,1.50751961929,3.13783280276
1407776792066703820,349,0,,jaco_joint_1,jaco_joint_2,jaco_joint_3,jaco_joint_4,jaco_joint_5,jaco_joint_6,-1.73996351503,-1.74348368136,0.700929085207,-0.819995289119,1.50751961929,3.13783280276
1407776792166680416,350,0,,jaco_joint_1,jaco_joint_2,jaco_joint_3,jaco_joint_4,jaco_joint_5,jaco_joint_6,-1.74170895081,-1.74348368136,0.700929085207,-0.819995289119,1.50751961929,3.13521491541
1407776792266884647,351,0,,jaco_joint_1,jaco_joint_2,jaco_joint_3,jaco_joint_4,jaco_joint_5,jaco_joint_6,-1.76439801803,-1.74348368136,0.678240151142,-0.833084725876,1.46563129114,3.10118078194
1407776792365721597,352,0,,jaco_joint_1,jaco_joint_2,jaco_joint_3,jaco_joint_4,jaco_joint_5,jaco_joint_6,-1.82199313766,-1.74348368136,0.645079401355,-0.833084725876,1.41327088095,3.08809054624
1407776792465705976,353,0,,jaco_joint_1,jaco_joint_2,jaco_joint_3,jaco_joint_4,jaco_joint_5,jaco_joint_6,-1.88831437092,-1.74348368136,0.634607585632,-0.833084725876,1.40803483993,3.08547239257
1407776792566839809,354,0,,jaco_joint_1,jaco_joint_2,jaco_joint_3,jaco_joint_4,jaco_joint_5,jaco_joint_6,-1.93892828007,-1.74871998869,0.618899862049,-0.846174162634,1.38447265534,3.06452822849
1407776792666861873,355,0,,jaco_joint_1,jaco_joint_2,jaco_joint_3,jaco_joint_4,jaco_joint_5,jaco_joint_6,-2.00001373863,-1.75570173181,0.573521993919,-0.851409937337,1.31116808107,3.03311198238
1407776792766732046,356,0,,jaco_joint_1,jaco_joint_2,jaco_joint_3,jaco_joint_4,jaco_joint_5,jaco_joint_6,-2.06633497188,-1.75744716759,0.550833059854,-0.851409937337,1.290223917,3.03049409503
1407776792866771035,357,0,,jaco_joint_1,jaco_joint_2,jaco_joint_3,jaco_joint_4,jaco_joint_5,jaco_joint_6,-2.1361470767,-1.75744716759,0.547342454613,-0.851409937337,1.28760589649,3.03049409503
1407776792965708589,358,0,,jaco_joint_1,jaco_joint_2,jaco_joint_3,jaco_joint_4,jaco_joint_5,jaco_joint_6,-2.20421427837,-1.75744716759,0.545597151993,-0.854027824689,1.28760589649,3.03049409503
1407776793068771891,359,0,,jaco_joint_1,jaco_joint_2,jaco_joint_3,jaco_joint_4,jaco_joint_5,jaco_joint_6,-2.27402638318,-1.75744716759,0.545597151993,-0.854027824689,1.28760589649,3.03049409503
1407776793166788957,360,0,,jaco_joint_1,jaco_joint_2,jaco_joint_3,jaco_joint_4,jaco_joint_5,jaco_joint_6,-2.343838488,-1.75744716759,0.543851849372,-0.854027824689,1.28760589649,3.03049409503
1407776793265817441,361,0,,jaco_joint_1,jaco_joint_2,jaco_joint_3,jaco_joint_4,jaco_joint_5,jaco_joint_6,-2.41365059281,-1.75744716759,0.543851849372,-0.854027824689,1.28760589649,3.03049409503
1407776793366664392,362,0,,jaco_joint_1,jaco_joint_2,jaco_joint_3,jaco_joint_4,jaco_joint_5,jaco_joint_6,-2.48171726185,-1.75744716759,0.543851849372,-0.854027824689,1.28760589649,3.03049409503
1407776793466827603,363,0,,jaco_joint_1,jaco_joint_2,jaco_joint_3,jaco_joint_4,jaco_joint_5,jaco_joint_6,-2.55152936667,-1.75744716759,0.543851849372,-0.854027824689,1.28760589649,3.03049409503
1407776793571643703,364,0,,jaco_joint_1,jaco_joint_2,jaco_joint_3,jaco_joint_4,jaco_joint_5,jaco_joint_6,-2.61436079363,-1.75744716759,0.543851849372,-0.854027824689,1.28760589649,3.03049409503
1407776793666667182,365,0,,jaco_joint_1,jaco_joint_2,jaco_joint_3,jaco_joint_4,jaco_joint_5,jaco_joint_6,-2.65101281445,-1.76268347492,0.53512533627,-0.864499374095,1.27189777343,3.0121678183
1407776793766829462,366,0,,jaco_joint_1,jaco_joint_2,jaco_joint_3,jaco_joint_4,jaco_joint_5,jaco_joint_6,-2.70511812779,-1.77490152537,0.48974746814,-0.869735148798,1.20121121967,2.97813368484
1407776793866798816,367,0,,jaco_joint_1,jaco_joint_2,jaco_joint_3,jaco_joint_4,jaco_joint_5,jaco_joint_6,-2.77318639472,-1.77664696115,0.465313231455,-0.869735148798,1.17503101458,2.97289764382
1407776793966686835,368,0,,jaco_joint_1,jaco_joint_2,jaco_joint_3,jaco_joint_4,jaco_joint_5,jaco_joint_6,-2.84125466166,-1.77664696115,0.460077323594,-0.869735148798,1.17503101458,2.97289764382
1407776794066770975,369,0,,jaco_joint_1,jaco_joint_2,jaco_joint_3,jaco_joint_4,jaco_joint_5,jaco_joint_6,-2.91106783174,-1.77664696115,0.458332020973,-0.87235303615,1.17503101458,2.97289764382
1407776794166697272,370,0,,jaco_joint_1,jaco_joint_2,jaco_joint_3,jaco_joint_4,jaco_joint_5,jaco_joint_6,-2.97913609867,-1.77664696115,0.458332020973,-0.87235303615,1.17503101458,2.97289764382
1407776794266748632,371,0,,jaco_joint_1,jaco_joint_2,jaco_joint_3,jaco_joint_4,jaco_joint_5,jaco_joint_6,-3.04894926875,-1.77664696115,0.456586718353,-0.87235303615,1.17241299407,2.97289764382
1407776794365660481,372,0,,jaco_joint_1,jaco_joint_2,jaco_joint_3,jaco_joint_4,jaco_joint_5,jaco_joint_6,-3.11701700305,-1.77664696115,0.456586718353,-0.87235303615,1.17241299407,2.97289764382
1407776794466834836,373,0,,jaco_joint_1,jaco_joint_2,jaco_joint_3,jaco_joint_4,jaco_joint_5,jaco_joint_6,3.09635513405,-1.77664696115,0.456586718353,-0.87235303615,1.17241299407,2.97289764382
1407776794588823130,374,0,,jaco_joint_1,jaco_joint_2,jaco_joint_3,jaco_joint_4,jaco_joint_5,jaco_joint_6,3.02479652819,-1.77664696115,0.456586718353,-0.87235303615,1.17241299407,2.97289764382
1407776794666745950,375,0,,jaco_joint_1,jaco_joint_2,jaco_joint_3,jaco_joint_4,jaco_joint_5,jaco_joint_6,2.99687141995,-1.78013783271,0.453096113112,-0.877588810853,1.16717695305,2.96504371545
1407776794766847078,376,0,,jaco_joint_1,jaco_joint_2,jaco_joint_3,jaco_joint_4,jaco_joint_5,jaco_joint_6,2.94625671185,-1.79410131893,0.412954152844,-0.888060360259,1.0991084198,2.92577327464
1407776794866660671,377,0,,jaco_joint_1,jaco_joint_2,jaco_joint_3,jaco_joint_4,jaco_joint_5,jaco_joint_6,2.88167931647,-1.79759219049,0.381538705677,-0.888060360259,1.05722009164,2.91791907996
1407776794966666490,378,0,,jaco_joint_1,jaco_joint_2,jaco_joint_3,jaco_joint_4,jaco_joint_5,jaco_joint_6,2.81186588008,-1.79759219049,0.374557495195,-0.890678247611,1.05460207113,2.91791907996
1407776795066772005,379,0,,jaco_joint_1,jaco_joint_2,jaco_joint_3,jaco_joint_4,jaco_joint_5,jaco_joint_6,2.74379761315,-1.79759219049,0.372812192575,-0.890678247611,1.05460207113,2.91791907996
1407776795166691008,380,0,,jaco_joint_1,jaco_joint_2,jaco_joint_3,jaco_joint_4,jaco_joint_5,jaco_joint_6,2.67398417675,-1.79759219049,0.371066889954,-0.890678247611,1.05460207113,2.91791907996
1407776795266774709,381,0,,jaco_joint_1,jaco_joint_2,jaco_joint_3,jaco_joint_4,jaco_joint_5,jaco_joint_6,2.60591617613,-1.79759219049,0.371066889954,-0.890678247611,1.05460207113,2.91791907996
1407776795366768954,382,0,,jaco_joint_1,jaco_joint_2,jaco_joint_3,jaco_joint_4,jaco_joint_5,jaco_joint_6,2.53610353868,-1.79759219049,0.371066889954,-0.890678247611,1.05460207113,2.91791907996
1407776795466700610,383,0,,jaco_joint_1,jaco_joint_2,jaco_joint_3,jaco_joint_4,jaco_joint_5,jaco_joint_6,2.46803686965,-1.79759219049,0.371066889954,-0.890678247611,1.05460207113,2.91791907996
1407776795575813699,384,0,,jaco_joint_1,jaco_joint_2,jaco_joint_3,jaco_joint_4,jaco_joint_5,jaco_joint_6,2.39298872381,-1.79759219049,0.371066889954,-0.890678247611,1.05460207113,2.9153011926
1407776795667011274,385,0,,jaco_joint_1,jaco_joint_2,jaco_joint_3,jaco_joint_4,jaco_joint_5,jaco_joint_6,2.35982810718,-1.79933762627,0.369321587334,-0.893296134962,1.05198405062,2.9153011926
1407776795766681467,386,0,,jaco_joint_1,jaco_joint_2,jaco_joint_3,jaco_joint_4,jaco_joint_5,jaco_joint_6,2.31619540852,-1.81155567672,0.336160837547,-0.90638557172,0.997005619922,2.87341286445
1407776795866650270,387,0,,jaco_joint_1,jaco_joint_2,jaco_joint_3,jaco_joint_4,jaco_joint_5,jaco_joint_6,2.25161934472,-1.81853741983,0.297764179898,-0.90638557172,0.94726323024,2.86294078241
1407776795966849655,388,0,,jaco_joint_1,jaco_joint_2,jaco_joint_3,jaco_joint_4,jaco_joint_5,jaco_joint_6,2.18355240937,-1.81853741983,0.287292364176,-0.90638557172,0.942027189221,2.86032289506
1407776796066765699,389,0,,jaco_joint_1,jaco_joint_2,jaco_joint_3,jaco_joint_4,jaco_joint_5,jaco_joint_6,2.11374030455,-1.81853741983,0.285547061556,-0.909003459071,0.942027189221,2.86032289506
1407776796166640915,390,0,,jaco_joint_1,jaco_joint_2,jaco_joint_3,jaco_joint_4,jaco_joint_5,jaco_joint_6,2.04567363551,-1.81853741983,0.285547061556,-0.909003459071,0.942027189221,2.86032289506
1407776796266830305,391,0,,jaco_joint_1,jaco_joint_2,jaco_joint_3,jaco_joint_4,jaco_joint_5,jaco_joint_6,1.97586139754,-1.81853741983,0.283801758935,-0.909003459071,0.942027189221,2.86032289506
1407776796366705279,392,0,,jaco_joint_1,jaco_joint_2,jaco_joint_3,jaco_joint_4,jaco_joint_5,jaco_joint_6,1.90779459535,-1.81853741983,0.283801758935,-0.909003459071,0.939409168711,2.86032289506
1407776796492634482,393,0,,jaco_joint_1,jaco_joint_2,jaco_joint_3,jaco_joint_4,jaco_joint_5,jaco_joint_6,1.83274658267,-1.81853741983,0.283801758935,-0.909003459071,0.939409168711,2.86032289506
1407776796566700718,394,0,,jaco_joint_1,jaco_joint_2,jaco_joint_3,jaco_joint_4,jaco_joint_5,jaco_joint_6,1.79609522764,-1.82028285561,0.283801758935,-0.909003459071,0.939409168711,2.86032289506
1407776796665740737,395,0,,jaco_joint_1,jaco_joint_2,jaco_joint_3,jaco_joint_4,jaco_joint_5,jaco_joint_6,1.75944387261,-1.83075547028,0.25936752225,-0.922092895829,0.897521240031,2.82628849528
1407776796766638209,396,0,,jaco_joint_1,jaco_joint_2,jaco_joint_3,jaco_joint_4,jaco_joint_5,jaco_joint_6,1.6983582809,-1.83773721339,0.21573495674,-0.924710783181,0.832074056243,2.80796248487
1407776796866757642,397,0,,jaco_joint_1,jaco_joint_2,jaco_joint_3,jaco_joint_4,jaco_joint_5,jaco_joint_6,1.63029147871,-1.83948264917,0.201772535777,-0.924710783181,0.824220394188,2.8053443312
1407776796966801429,398,0,,jaco_joint_1,jaco_joint_2,jaco_joint_3,jaco_joint_4,jaco_joint_5,jaco_joint_6,1.56047937389,-1.83948264917,0.198281930536,-0.924710783181,0.824220394188,2.8053443312
1407776797066684865,399,0,,jaco_joint_1,jaco_joint_2,jaco_joint_3,jaco_joint_4,jaco_joint_5,jaco_joint_6,1.4924125717,-1.83948264917,0.198281930536,-0.927328670532,0.824220394188,2.8053443312
1407776797166735495,400,0,,jaco_joint_1,jaco_joint_2,jaco_joint_3,jaco_joint_4,jaco_joint_5,jaco_joint_6,1.42260046688,-1.83948264917,0.198281930536,-0.927328670532,0.824220394188,2.8053443312
1407776797265632903,401,0,,jaco_joint_1,jaco_joint_2,jaco_joint_3,jaco_joint_4,jaco_joint_5,jaco_joint_6,1.35453366468,-1.83948264917,0.196536627916,-0.927328670532,0.824220394188,2.8053443312
1407776797366628154,402,0,,jaco_joint_1,jaco_joint_2,jaco_joint_3,jaco_joint_4,jaco_joint_5,jaco_joint_6,1.28472155987,-1.83948264917,0.196536627916,-0.927328670532,0.824220394188,2.8053443312
1407776797512819006,403,0,,jaco_joint_1,jaco_joint_2,jaco_joint_3,jaco_joint_4,jaco_joint_5,jaco_joint_6,1.18349400789,-1.83948264917,0.196536627916,-0.927328670532,0.824220394188,2.8053443312
1407776797566651805,404,0,,jaco_joint_1,jaco_joint_2,jaco_joint_3,jaco_joint_4,jaco_joint_5,jaco_joint_6,1.16080507382,-1.83948264917,0.196536627916,-0.927328670532,0.824220394188,2.8053443312
1407776797666636070,405,0,,jaco_joint_1,jaco_joint_2,jaco_joint_3,jaco_joint_4,jaco_joint_5,jaco_joint_6,1.12764432403,-1.84646439229,0.180828904333,-0.94041810729,0.795423633321,2.77916412611
1407776797766782369,406,0,,jaco_joint_1,jaco_joint_2,jaco_joint_3,jaco_joint_4,jaco_joint_5,jaco_joint_6,1.06830403494,-1.85693700696,0.133705733582,-0.943035994641,0.724740674829,2.75036576734
1407776797866736640,407,0,,jaco_joint_1,jaco_joint_2,jaco_joint_3,jaco_joint_4,jaco_joint_5,jaco_joint_6,1.00198253537,-1.85868244274,0.114507404758,-0.943035994641,0.70903335072,2.74774787999
1407776797966664640,408,0,,jaco_joint_1,jaco_joint_2,jaco_joint_3,jaco_joint_4,jaco_joint_5,jaco_joint_6,0.932170430552,-1.85868244274,0.111016799517,-0.945653881993,0.70903335072,2.74774787999
1407776798066760311,409,0,,jaco_joint_1,jaco_joint_2,jaco_joint_3,jaco_joint_4,jaco_joint_5,jaco_joint_6,0.864100432564,-1.85868244274,0.111016799517,-0.945653881993,0.70903335072,2.74774787999
1407776798166758604,410,0,,jaco_joint_1,jaco_joint_2,jaco_joint_3,jaco_joint_4,jaco_joint_5,jaco_joint_6,0.794283001426,-1.85868244274,0.109271496897,-0.945653881993,0.70903335072,2.74774787999
1407776798266682587,411,0,,jaco_joint_1,jaco_joint_2,jaco_joint_3,jaco_joint_4,jaco_joint_5,jaco_joint_6,0.724465570289,-1.85868244274,0.109271496897,-0.945653881993,0.70903335072,2.74774787999
1407776798366591458,412,0,,jaco_joint_1,jaco_joint_2,jaco_joint_3,jaco_joint_4,jaco_joint_5,jaco_joint_6,0.65639357493,-1.85868244274,0.109271496897,-0.945653881993,0.70903335072,2.74774787999
1407776798555698462,413,0,,jaco_joint_1,jaco_joint_2,jaco_joint_3,jaco_joint_4,jaco_joint_5,jaco_joint_6,0.532467634661,-1.86042787851,0.109271496897,-0.945653881993,0.70903335072,2.74774787999
1407776798573806944,414,0,,jaco_joint_1,jaco_joint_2,jaco_joint_3,jaco_joint_4,jaco_joint_5,jaco_joint_6,0.525485891547,-1.86042787851,0.109271496897,-0.945653881993,0.70903335072,2.74774787999
1407776798666868018,415,0,,jaco_joint_1,jaco_joint_2,jaco_joint_3,jaco_joint_4,jaco_joint_5,jaco_joint_6,0.495813483313,-1.86566418585,0.0970543785541,-0.956125431399,0.688090251908,2.72680371591
1407776798767585725,416,0,,jaco_joint_1,jaco_joint_2,jaco_joint_3,jaco_joint_4,jaco_joint_5,jaco_joint_6,0.439959538403,-1.8778822363,0.0499312078037,-0.961361206102,0.614789406064,2.6953874698
1407776798870597088,417,0,,jaco_joint_1,jaco_joint_2,jaco_joint_3,jaco_joint_4,jaco_joint_5,jaco_joint_6,0.371887543044,-1.88137310786,0.0289875763591,-0.961361206102,0.5912284199,2.69276958245
1407776798966741568,418,0,,jaco_joint_1,jaco_joint_2,jaco_joint_3,jaco_joint_4,jaco_joint_5,jaco_joint_6,0.303815547685,-1.88137310786,0.023751668498,-0.961361206102,0.5912284199,2.69276958245
1407776799066722118,419,0,,jaco_joint_1,jaco_joint_2,jaco_joint_3,jaco_joint_4,jaco_joint_5,jaco_joint_6,0.233998116548,-1.88137310786,0.0220063658776,-0.961361206102,0.5912284199,2.69276958245
1407776799166603400,420,0,,jaco_joint_1,jaco_joint_2,jaco_joint_3,jaco_joint_4,jaco_joint_5,jaco_joint_6,0.165926121189,-1.88137310786,0.0220063658776,-0.963979093454,0.5912284199,2.69276958245
1407776799266811436,421,0,,jaco_joint_1,jaco_joint_2,jaco_joint_3,jaco_joint_4,jaco_joint_5,jaco_joint_6,0.096108690051,-1.88137310786,0.0220063658776,-0.963979093454,0.588610532549,2.69276958245
1407776799366583811,422,0,,jaco_joint_1,jaco_joint_2,jaco_joint_3,jaco_joint_4,jaco_joint_5,jaco_joint_6,0.0262912589135,-1.88137310786,0.0220063658776,-0.963979093454,0.588610532549,2.69276958245
1407776799466625194,423,0,,jaco_joint_1,jaco_joint_2,jaco_joint_3,jaco_joint_4,jaco_joint_5,jaco_joint_6,-0.0417807364456,-1.88137310786,0.0220063658776,-0.963979093454,0.588610532549,2.69276958245
1407776799585782064,424,0,,jaco_joint_1,jaco_joint_2,jaco_joint_3,jaco_joint_4,jaco_joint_5,jaco_joint_6,-0.109852731805,-1.88137310786,0.0220063658776,-0.963979093454,0.588610532549,2.69276958245
1407776799666731397,425,0,,jaco_joint_1,jaco_joint_2,jaco_joint_3,jaco_joint_4,jaco_joint_5,jaco_joint_6,-0.13777970426,-1.88486397941,0.0150251553961,-0.969214868157,0.578138983143,2.67967934674
1407776799766582465,426,0,,jaco_joint_1,jaco_joint_2,jaco_joint_3,jaco_joint_4,jaco_joint_5,jaco_joint_6,-0.190142777613,-1.89533659408,-0.0286074101135,-0.977068530212,0.510073912002,2.64302705961
1407776799866582443,427,0,,jaco_joint_1,jaco_joint_2,jaco_joint_3,jaco_joint_4,jaco_joint_5,jaco_joint_6,-0.256469337193,-1.90057290142,-0.0565322520397,-0.979686417563,0.478659263784,2.63779101859
1407776799966822082,428,0,,jaco_joint_1,jaco_joint_2,jaco_joint_3,jaco_joint_4,jaco_joint_5,jaco_joint_6,-0.324541332553,-1.90057290142,-0.0617681599008,-0.979686417563,0.478659263784,2.63517286492
1407776800066697162,429,0,,jaco_joint_1,jaco_joint_2,jaco_joint_3,jaco_joint_4,jaco_joint_5,jaco_joint_6,-0.39435876369,-1.90057290142,-0.0635134625212,-0.979686417563,0.478659263784,2.63517286492
1407776800166605744,430,0,,jaco_joint_1,jaco_joint_2,jaco_joint_3,jaco_joint_4,jaco_joint_5,jaco_joint_6,-0.464176194828,-1.90057290142,-0.0635134625212,-0.979686417563,0.476041376432,2.63517286492
1407776800266672943,431,0,,jaco_joint_1,jaco_joint_2,jaco_joint_3,jaco_joint_4,jaco_joint_5,jaco_joint_6,-0.532248190187,-1.90057290142,-0.0635134625212,-0.979686417563,0.476041376432,2.63517286492
1407776800365640933,432,0,,jaco_joint_1,jaco_joint_2,jaco_joint_3,jaco_joint_4,jaco_joint_5,jaco_joint_6,-0.602065621324,-1.90057290142,-0.0635134625212,-0.979686417563,0.476041376432,2.63517286492
1407776800466830581,433,0,,jaco_joint_1,jaco_joint_2,jaco_joint_3,jaco_joint_4,jaco_joint_5,jaco_joint_6,-0.670137616683,-1.90057290142,-0.0652587651416,-0.979686417563,0.476041376432,2.63517286492
1407776800592739011,434,0,,jaco_joint_1,jaco_joint_2,jaco_joint_3,jaco_joint_4,jaco_joint_5,jaco_joint_6,-0.743445919378,-1.90057290142,-0.0652587651416,-0.979686417563,0.476041376432,2.63517286492
1407776800666645430,435,0,,jaco_joint_1,jaco_joint_2,jaco_joint_3,jaco_joint_4,jaco_joint_5,jaco_joint_6,-0.776609199168,-1.90406377298,-0.0687493703823,-0.987540079618,0.470805601729,2.62731893655
1407776800766705223,436,0,,jaco_joint_1,jaco_joint_2,jaco_joint_3,jaco_joint_4,jaco_joint_5,jaco_joint_6,-0.827226836743,-1.91453638765,-0.110636633272,-0.995393741672,0.402740530589,2.58804876206
1407776800866721684,437,0,,jaco_joint_1,jaco_joint_2,jaco_joint_3,jaco_joint_4,jaco_joint_5,jaco_joint_6,-0.893553396323,-1.92151813076,-0.142052080438,-0.995393741672,0.363472220316,2.58019456738
1407776800966630341,438,0,,jaco_joint_1,jaco_joint_2,jaco_joint_3,jaco_joint_4,jaco_joint_5,jaco_joint_6,-0.961625391682,-1.92326356654,-0.14903329092,-0.998011629024,0.360854332964,2.58019456738
1407776801066746789,439,0,,jaco_joint_1,jaco_joint_2,jaco_joint_3,jaco_joint_4,jaco_joint_5,jaco_joint_6,-1.02969738704,-1.92326356654,-0.15077859354,-0.998011629024,0.360854332964,2.58019456738
1407776801168481695,440,0,,jaco_joint_1,jaco_joint_2,jaco_joint_3,jaco_joint_4,jaco_joint_5,jaco_joint_6,-1.09951481818,-1.92326356654,-0.15077859354,-0.998011629024,0.360854332964,2.58019456738
1407776801266642129,441,0,,jaco_joint_1,jaco_joint_2,jaco_joint_3,jaco_joint_4,jaco_joint_5,jaco_joint_6,-1.16933224932,-1.92326356654,-0.15077859354,-0.998011629024,0.358236445613,2.58019456738
1407776801365608197,442,0,,jaco_joint_1,jaco_joint_2,jaco_joint_3,jaco_joint_4,jaco_joint_5,jaco_joint_6,-1.23740424468,-1.92326356654,-0.15077859354,-0.998011629024,0.358236445613,2.58019456738
1407776801466737957,443,0,,jaco_joint_1,jaco_joint_2,jaco_joint_3,jaco_joint_4,jaco_joint_5,jaco_joint_6,-1.30722167581,-1.92326356654,-0.15077859354,-0.998011629024,0.358236445613,2.58019456738
1407776801571597132,444,0,,jaco_joint_1,jaco_joint_2,jaco_joint_3,jaco_joint_4,jaco_joint_5,jaco_joint_6,-1.37878454273,-1.92326356654,-0.15077859354,-0.998011629024,0.358236445613,2.58019456738
1407776801666632183,445,0,,jaco_joint_1,jaco_joint_2,jaco_joint_3,jaco_joint_4,jaco_joint_5,jaco_joint_6,-1.40845695096,-1.92326356654,-0.152523896161,-1.00062951638,0.358236445613,2.57757668002
1407776801766799048,446,0,,jaco_joint_1,jaco_joint_2,jaco_joint_3,jaco_joint_4,jaco_joint_5,jaco_joint_6,-1.45209284542,-1.93373618121,-0.187429948568,-1.01110106578,0.300642923879,2.53568835187
1407776801866713909,447,0,,jaco_joint_1,jaco_joint_2,jaco_joint_3,jaco_joint_4,jaco_joint_5,jaco_joint_6,-1.51492853345,-1.9424633601,-0.227571908837,-1.01371895313,0.250903064199,2.52521626983
1407776801966675790,448,0,,jaco_joint_1,jaco_joint_2,jaco_joint_3,jaco_joint_4,jaco_joint_5,jaco_joint_6,-1.58300052881,-1.9424633601,-0.23804372456,-1.01371895313,0.248285176848,2.52521626983
1407776802066595208,449,0,,jaco_joint_1,jaco_joint_2,jaco_joint_3,jaco_joint_4,jaco_joint_5,jaco_joint_6,-1.65281795994,-1.9424633601,-0.23978902718,-1.01633684048,0.245667289496,2.52521626983
1407776802166610347,450,0,,jaco_joint_1,jaco_joint_2,jaco_joint_3,jaco_joint_4,jaco_joint_5,jaco_joint_6,-1.7208899553,-1.94420879588,-0.23978902718,-1.01633684048,0.245667289496,2.52521626983
1407776802266832952,451,0,,jaco_joint_1,jaco_joint_2,jaco_joint_3,jaco_joint_4,jaco_joint_5,jaco_joint_6,-1.79070738644,-1.94420879588,-0.23978902718,-1.01633684048,0.245667289496,2.52259811616
1407776802366624758,452,0,,jaco_joint_1,jaco_joint_2,jaco_joint_3,jaco_joint_4,jaco_joint_5,jaco_joint_6,-1.86052481758,-1.94420879588,-0.23978902718,-1.01633684048,0.245667289496,2.52259811616
1407776802490554412,453,0,,jaco_joint_1,jaco_joint_2,jaco_joint_3,jaco_joint_4,jaco_joint_5,jaco_joint_6,-1.93557855605,-1.94420879588,-0.23978902718,-1.01633684048,0.245667289496,2.52259811616
1407776802566697695,454,0,,jaco_joint_1,jaco_joint_2,jaco_joint_3,jaco_joint_4,jaco_joint_5,jaco_joint_6,-1.97048727162,-1.94420879588,-0.23978902718,-1.01633684048,0.245667289496,2.52259811616
1407776802666730443,455,0,,jaco_joint_1,jaco_joint_2,jaco_joint_3,jaco_joint_4,jaco_joint_5,jaco_joint_6,-2.00714142297,-1.95293597477,-0.264223263865,-1.02942627724,0.203781091871,2.48856371638
1407776802766577648,456,0,,jaco_joint_1,jaco_joint_2,jaco_joint_3,jaco_joint_4,jaco_joint_5,jaco_joint_6,-2.06823167521,-1.96166315366,-0.309601131995,-1.03204416459,0.138333908083,2.47023770597
1407776802866604846,457,0,,jaco_joint_1,jaco_joint_2,jaco_joint_3,jaco_joint_4,jaco_joint_5,jaco_joint_6,-2.13630367057,-1.96340858944,-0.323563552958,-1.03204416459,0.130480246028,2.4676195523
1407776802966736410,458,0,,jaco_joint_1,jaco_joint_2,jaco_joint_3,jaco_joint_4,jaco_joint_5,jaco_joint_6,-2.20612110171,-1.96340858944,-0.327054158199,-1.03204416459,0.130480246028,2.4676195523
1407776803066679584,459,0,,jaco_joint_1,jaco_joint_2,jaco_joint_3,jaco_joint_4,jaco_joint_5,jaco_joint_6,-2.27419309707,-1.96340858944,-0.327054158199,-1.03204416459,0.130480246028,2.4676195523
1407776803166597768,460,0,,jaco_joint_1,jaco_joint_2,jaco_joint_3,jaco_joint_4,jaco_joint_5,jaco_joint_6,-2.34401052821,-1.96340858944,-0.328799460819,-1.03204416459,0.130480246028,2.4676195523
1407776803266581596,461,0,,jaco_joint_1,jaco_joint_2,jaco_joint_3,jaco_joint_4,jaco_joint_5,jaco_joint_6,-2.41208252356,-1.96340858944,-0.328799460819,-1.03204416459,0.130480246028,2.4676195523
1407776803366700209,462,0,,jaco_joint_1,jaco_joint_2,jaco_joint_3,jaco_joint_4,jaco_joint_5,jaco_joint_6,-2.4818999547,-1.96340858944,-0.328799460819,-1.03204416459,0.130480246028,2.4676195523
1407776803511687932,463,0,,jaco_joint_1,jaco_joint_2,jaco_joint_3,jaco_joint_4,jaco_joint_5,jaco_joint_6,-2.58138979407,-1.96340858944,-0.328799460819,-1.03204416459,0.130480246028,2.4676195523
1407776803566638905,464,0,,jaco_joint_1,jaco_joint_2,jaco_joint_3,jaco_joint_4,jaco_joint_5,jaco_joint_6,-2.60233502341,-1.96340858944,-0.328799460819,-1.03204416459,0.130480246028,2.4676195523
1407776803666688121,465,0,,jaco_joint_1,jaco_joint_2,jaco_joint_3,jaco_joint_4,jaco_joint_5,jaco_joint_6,-2.63375286743,-1.97039033256,-0.344507184403,-1.04513360135,0.101683485161,2.44143961352
1407776803766608865,466,0,,jaco_joint_1,jaco_joint_2,jaco_joint_3,jaco_joint_4,jaco_joint_5,jaco_joint_6,-2.69135224811,-1.98086294723,-0.391630355153,-1.05036937605,0.0310005266691,2.41525914211
1407776803866600164,467,0,,jaco_joint_1,jaco_joint_2,jaco_joint_3,jaco_joint_4,jaco_joint_5,jaco_joint_6,-2.75942424347,-1.98609925456,-0.410828683978,-1.05036937605,0.0179110899113,2.41264125476
1407776803966660798,468,0,,jaco_joint_1,jaco_joint_2,jaco_joint_3,jaco_joint_4,jaco_joint_5,jaco_joint_6,-2.82749623883,-1.98609925456,-0.414319289218,-1.05036937605,0.0152932025598,2.41002336741
1407776804066639309,469,0,,jaco_joint_1,jaco_joint_2,jaco_joint_3,jaco_joint_4,jaco_joint_5,jaco_joint_6,-2.89731366997,-1.98609925456,-0.414319289218,-1.05036937605,0.0152932025598,2.41002336741
1407776804166567373,470,0,,jaco_joint_1,jaco_joint_2,jaco_joint_3,jaco_joint_4,jaco_joint_5,jaco_joint_6,-2.96538566533,-1.98609925456,-0.414319289218,-1.05036937605,0.0152932025598,2.41002336741
1407776804293654875,471,0,,jaco_joint_1,jaco_joint_2,jaco_joint_3,jaco_joint_4,jaco_joint_5,jaco_joint_6,-3.02996678913,-1.98609925456,-0.416064591839,-1.05036937605,0.0152932025598,2.41002336741
1407776804366626629,472,0,,jaco_joint_1,jaco_joint_2,jaco_joint_3,jaco_joint_4,jaco_joint_5,jaco_joint_6,-3.04393027536,-1.98784469034,-0.419555197079,-1.05298726341,0.0100574278567,2.40478706007
1407776804466593648,473,0,,jaco_joint_1,jaco_joint_2,jaco_joint_3,jaco_joint_4,jaco_joint_5,jaco_joint_6,-3.01774873868,-1.99657186923,-0.456206552107,-1.06607670016,-0.0527718685805,2.36551688559
1407776804566579388,474,0,,jaco_joint_1,jaco_joint_2,jaco_joint_3,jaco_joint_4,jaco_joint_5,jaco_joint_6,-2.95840392222,-2.00529904812,-0.492857907136,-1.06607670016,-0.0972759535568,2.35766295722
1407776804666582554,475,0,,jaco_joint_1,jaco_joint_2,jaco_joint_3,jaco_joint_4,jaco_joint_5,jaco_joint_6,-2.89207736263,-2.00878991968,-0.501584420237,-1.06607670016,-0.0998938409083,2.35504480355
1407776804765795300,476,0,,jaco_joint_1,jaco_joint_2,jaco_joint_3,jaco_joint_4,jaco_joint_5,jaco_joint_6,-2.8222599315,-2.00878991968,-0.503329722858,-1.06869458752,-0.10251172826,2.35504480355
1407776804866634537,477,0,,jaco_joint_1,jaco_joint_2,jaco_joint_3,jaco_joint_4,jaco_joint_5,jaco_joint_6,-2.75418793614,-2.00878991968,-0.503329722858,-1.06869458752,-0.10251172826,2.35504480355
1407776804966595661,478,0,,jaco_joint_1,jaco_joint_2,jaco_joint_3,jaco_joint_4,jaco_joint_5,jaco_joint_6,-2.684370505,-2.00878991968,-0.503329722858,-1.06869458752,-0.10251172826,2.35504480355
1407776805066768219,479,0,,jaco_joint_1,jaco_joint_2,jaco_joint_3,jaco_joint_4,jaco_joint_5,jaco_joint_6,-2.61455307386,-2.00878991968,-0.503329722858,-1.06869458752,-0.10251172826,2.35504480355
1407776805166645903,480,0,,jaco_joint_1,jaco_joint_2,jaco_joint_3,jaco_joint_4,jaco_joint_5,jaco_joint_6,-2.5464810785,-2.00878991968,-0.503329722858,-1.06869458752,-0.10251172826,2.35504480355
1407776805266601148,481,0,,jaco_joint_1,jaco_joint_2,jaco_joint_3,jaco_joint_4,jaco_joint_5,jaco_joint_6,-2.47666364737,-2.00878991968,-0.503329722858,-1.06869458752,-0.10251172826,2.35504480355
1407776805382727490,482,0,,jaco_joint_1,jaco_joint_2,jaco_joint_3,jaco_joint_4,jaco_joint_5,jaco_joint_6,-2.40160990889,-2.00878991968,-0.503329722858,-1.06869458752,-0.10251172826,2.35504480355
1407776805466723586,483,0,,jaco_joint_1,jaco_joint_2,jaco_joint_3,jaco_joint_4,jaco_joint_5,jaco_joint_6,-2.36495575755,-2.00878991968,-0.503329722858,-1.06869458752,-0.10251172826,2.35504480355
1407776805566617381,484,0,,jaco_joint_1,jaco_joint_2,jaco_joint_3,jaco_joint_4,jaco_joint_5,jaco_joint_6,-2.32481073464,-2.0157716628,-0.532999867404,-1.08178402427,-0.152251587939,2.31577462906
1407776805666702260,485,0,,jaco_joint_1,jaco_joint_2,jaco_joint_3,jaco_joint_4,jaco_joint_5,jaco_joint_6,-2.26197504662,-2.02449884169,-0.576632432914,-1.08440191163,-0.207227222322,2.30006650601
1407776805765617609,486,0,,jaco_joint_1,jaco_joint_2,jaco_joint_3,jaco_joint_4,jaco_joint_5,jaco_joint_6,-2.19390305126,-2.02973514902,-0.588849551257,-1.08440191163,-0.212462997025,2.30006650601
1407776805866556740,487,0,,jaco_joint_1,jaco_joint_2,jaco_joint_3,jaco_joint_4,jaco_joint_5,jaco_joint_6,-2.12408562012,-2.02973514902,-0.590594853877,-1.08440191163,-0.212462997025,2.30006650601
1407776805966747360,488,0,,jaco_joint_1,jaco_joint_2,jaco_joint_3,jaco_joint_4,jaco_joint_5,jaco_joint_6,-2.05601362476,-2.02973514902,-0.590594853877,-1.08440191163,-0.212462997025,2.30006650601
1407776806066750196,489,0,,jaco_joint_1,jaco_joint_2,jaco_joint_3,jaco_joint_4,jaco_joint_5,jaco_joint_6,-1.98619619363,-2.02973514902,-0.590594853877,-1.08440191163,-0.215080884376,2.30006650601
1407776806165537437,490,0,,jaco_joint_1,jaco_joint_2,jaco_joint_3,jaco_joint_4,jaco_joint_5,jaco_joint_6,-1.91637876249,-2.02973514902,-0.590594853877,-1.08701979898,-0.215080884376,2.30006650601
1407776806266675342,491,0,,jaco_joint_1,jaco_joint_2,jaco_joint_3,jaco_joint_4,jaco_joint_5,jaco_joint_6,-1.84830676713,-2.02973514902,-0.590594853877,-1.08701979898,-0.215080884376,2.30006650601
1407776806400581557,492,0,,jaco_joint_1,jaco_joint_2,jaco_joint_3,jaco_joint_4,jaco_joint_5,jaco_joint_6,-1.75405323509,-2.02973514902,-0.590594853877,-1.08701979898,-0.215080884376,2.30006650601
1407776806466589864,493,0,,jaco_joint_1,jaco_joint_2,jaco_joint_3,jaco_joint_4,jaco_joint_5,jaco_joint_6,-1.73310800575,-2.02973514902,-0.592340156497,-1.08701979898,-0.215080884376,2.30006650601
1407776806566647606,494,0,,jaco_joint_1,jaco_joint_2,jaco_joint_3,jaco_joint_4,jaco_joint_5,jaco_joint_6,-1.69819929018,-2.03497145636,-0.611538485322,-1.09749134838,-0.249113419947,2.26865185779
1407776806666660035,495,0,,jaco_joint_1,jaco_joint_2,jaco_joint_3,jaco_joint_4,jaco_joint_5,jaco_joint_6,-1.63885447372,-2.04544407103,-0.658661656072,-1.10010923573,-0.319796378438,2.24509087162
1407776806766607715,496,0,,jaco_joint_1,jaco_joint_2,jaco_joint_3,jaco_joint_4,jaco_joint_5,jaco_joint_6,-1.57078247836,-2.05068037836,-0.676115614382,-1.10272712309,-0.330267927845,2.24509087162
1407776806866617766,497,0,,jaco_joint_1,jaco_joint_2,jaco_joint_3,jaco_joint_4,jaco_joint_5,jaco_joint_6,-1.502710483,-2.05068037836,-0.679606485939,-1.10272712309,-0.332885815196,2.24247298427
1407776806966550820,498,0,,jaco_joint_1,jaco_joint_2,jaco_joint_3,jaco_joint_4,jaco_joint_5,jaco_joint_6,-1.43289305186,-2.05068037836,-0.679606485939,-1.10272712309,-0.332885815196,2.24247298427
1407776807066772114,499,0,,jaco_joint_1,jaco_joint_2,jaco_joint_3,jaco_joint_4,jaco_joint_5,jaco_joint_6,-1.3648210565,-2.05068037836,-0.679606485939,-1.10272712309,-0.332885815196,2.24247298427
1407776807165601778,500,0,,jaco_joint_1,jaco_joint_2,jaco_joint_3,jaco_joint_4,jaco_joint_5,jaco_joint_6,-1.29500362536,-2.05068037836,-0.679606485939,-1.10272712309,-0.332885815196,2.24247298427
1407776807266546295,501,0,,jaco_joint_1,jaco_joint_2,jaco_joint_3,jaco_joint_4,jaco_joint_5,jaco_joint_6,-1.22518619423,-2.05068037836,-0.679606485939,-1.10272712309,-0.332885815196,2.24247298427
1407776807422951624,502,0,,jaco_joint_1,jaco_joint_2,jaco_joint_3,jaco_joint_4,jaco_joint_5,jaco_joint_6,-1.11696917596,-2.05068037836,-0.679606485939,-1.10272712309,-0.332885815196,2.24247298427
1407776807466629729,503,0,,jaco_joint_1,jaco_joint_2,jaco_joint_3,jaco_joint_4,jaco_joint_5,jaco_joint_6,-1.0977693824,-2.05068037836,-0.679606485939,-1.10272712309,-0.332885815196,2.24247298427
1407776807566510147,504,0,,jaco_joint_1,jaco_joint_2,jaco_joint_3,jaco_joint_4,jaco_joint_5,jaco_joint_6,-1.06635153839,-2.05417124992,-0.691824536388,-1.11581655984,-0.353828914008,2.22152988546
1407776807666656751,505,0,,jaco_joint_1,jaco_joint_2,jaco_joint_3,jaco_joint_4,jaco_joint_5,jaco_joint_6,-1.0087521577,-2.06289842881,-0.738951302406,-1.1184344472,-0.4245118725,2.19011523724
1407776807768575964,506,0,,jaco_joint_1,jaco_joint_2,jaco_joint_3,jaco_joint_4,jaco_joint_5,jaco_joint_6,-0.94242559812,-2.07337104348,-0.763387403304,-1.1184344472,-0.442837083961,2.18749734989
1407776807870503688,507,0,,jaco_joint_1,jaco_joint_2,jaco_joint_3,jaco_joint_4,jaco_joint_5,jaco_joint_6,-0.865626423868,-2.07511647926,-0.766878274861,-1.12105233455,-0.445454971313,2.18749734989
1407776807966722442,508,0,,jaco_joint_1,jaco_joint_2,jaco_joint_3,jaco_joint_4,jaco_joint_5,jaco_joint_6,-0.804536171623,-2.07511647926,-0.768623710639,-1.12105233455,-0.445454971313,2.18749734989
1407776808066716757,509,0,,jaco_joint_1,jaco_joint_2,jaco_joint_3,jaco_joint_4,jaco_joint_5,jaco_joint_6,-0.734718740486,-2.07511647926,-0.768623710639,-1.12105233455,-0.445454971313,2.18749734989
1407776808166566055,510,0,,jaco_joint_1,jaco_joint_2,jaco_joint_3,jaco_joint_4,jaco_joint_5,jaco_joint_6,-0.666646745126,-2.07511647926,-0.768623710639,-1.12105233455,-0.445454971313,2.18749734989
1407776808266554177,511,0,,jaco_joint_1,jaco_joint_2,jaco_joint_3,jaco_joint_4,jaco_joint_5,jaco_joint_6,-0.596829313989,-2.07511647926,-0.768623710639,-1.12105233455,-0.445454971313,2.18749734989
1407776808366749767,512,0,,jaco_joint_1,jaco_joint_2,jaco_joint_3,jaco_joint_4,jaco_joint_5,jaco_joint_6,-0.52875731863,-2.07511647926,-0.768623710639,-1.12105233455,-0.445454971313,2.18749734989
1407776808466703743,513,0,,jaco_joint_1,jaco_joint_2,jaco_joint_3,jaco_joint_4,jaco_joint_5,jaco_joint_6,-0.458939887492,-2.07511647926,-0.768623710639,-1.12105233455,-0.445454971313,2.18749734989
1407776808566654844,514,0,,jaco_joint_1,jaco_joint_2,jaco_joint_3,jaco_joint_4,jaco_joint_5,jaco_joint_6,-0.389122456355,-2.07511647926,-0.768623710639,-1.12105233455,-0.445454971313,2.18749734989
1407776808666543195,515,0,,jaco_joint_1,jaco_joint_2,jaco_joint_3,jaco_joint_4,jaco_joint_5,jaco_joint_6,-0.319305025217,-2.07511647926,-0.768623710639,-1.12105233455,-0.445454971313,2.18749734989
1407776808766568245,516,0,,jaco_joint_1,jaco_joint_2,jaco_joint_3,jaco_joint_4,jaco_joint_5,jaco_joint_6,-0.251233029858,-2.07511647926,-0.768623710639,-1.12105233455,-0.445454971313,2.18749734989
1407776808866727613,517,0,,jaco_joint_1,jaco_joint_2,jaco_joint_3,jaco_joint_4,jaco_joint_5,jaco_joint_6,-0.181415598721,-2.07511647926,-0.768623710639,-1.12105233455,-0.445454971313,2.18749734989
1407776808966580618,518,0,,jaco_joint_1,jaco_joint_2,jaco_joint_3,jaco_joint_4,jaco_joint_5,jaco_joint_6,-0.113343603362,-2.07511647926,-0.768623710639,-1.12105233455,-0.445454971313,2.18749734989
1407776809066572030,519,0,,jaco_joint_1,jaco_joint_2,jaco_joint_3,jaco_joint_4,jaco_joint_5,jaco_joint_6,-0.043526172224,-2.07511647926,-0.768623710639,-1.12105233455,-0.445454971313,2.18749734989
1407776809166706991,520,0,,jaco_joint_1,jaco_joint_2,jaco_joint_3,jaco_joint_4,jaco_joint_5,jaco_joint_6,0.024545823135,-2.07511647926,-0.768623710639,-1.12105233455,-0.445454971313,2.18749734989
1407776809266736283,521,0,,jaco_joint_1,jaco_joint_2,jaco_joint_3,jaco_joint_4,jaco_joint_5,jaco_joint_6,0.0943632542726,-2.07511647926,-0.768623710639,-1.12105233455,-0.445454971313,2.18749734989
1407776809366512254,522,0,,jaco_joint_1,jaco_joint_2,jaco_joint_3,jaco_joint_4,jaco_joint_5,jaco_joint_6,0.162435249632,-2.07511647926,-0.768623710639,-1.12105233455,-0.445454971313,2.18749734989
1407776809466510332,523,0,,jaco_joint_1,jaco_joint_2,jaco_joint_3,jaco_joint_4,jaco_joint_5,jaco_joint_6,0.232252680769,-2.07511647926,-0.768623710639,-1.12105233455,-0.445454971313,2.18749734989
1407776809566676885,524,0,,jaco_joint_1,jaco_joint_2,jaco_joint_3,jaco_joint_4,jaco_joint_5,jaco_joint_6,0.302070111907,-2.07511647926,-0.768623710639,-1.12105233455,-0.445454971313,2.18749734989
1407776809666649847,525,0,,jaco_joint_1,jaco_joint_2,jaco_joint_3,jaco_joint_4,jaco_joint_5,jaco_joint_6,0.370142107266,-2.07511647926,-0.768623710639,-1.12105233455,-0.445454971313,2.18749734989
1407776809766539872,526,0,,jaco_joint_1,jaco_joint_2,jaco_joint_3,jaco_joint_4,jaco_joint_5,jaco_joint_6,0.439959538403,-2.07511647926,-0.768623710639,-1.12105233455,-0.445454971313,2.18749734989
1407776809866670620,527,0,,jaco_joint_1,jaco_joint_2,jaco_joint_3,jaco_joint_4,jaco_joint_5,jaco_joint_6,0.509776969541,-2.07511647926,-0.768623710639,-1.12105233455,-0.445454971313,2.18749734989
1407776809966521531,528,0,,jaco_joint_1,jaco_joint_2,jaco_joint_3,jaco_joint_4,jaco_joint_5,jaco_joint_6,0.5778489649,-2.07511647926,-0.768623710639,-1.12105233455,-0.445454971313,2.18749734989
1407776810066596883,529,0,,jaco_joint_1,jaco_joint_2,jaco_joint_3,jaco_joint_4,jaco_joint_5,jaco_joint_6,0.647666396037,-2.07511647926,-0.768623710639,-1.12105233455,-0.445454971313,2.18749734989
1407776810166523647,530,0,,jaco_joint_1,jaco_joint_2,jaco_joint_3,jaco_joint_4,jaco_joint_5,jaco_joint_6,0.715738391397,-2.07511647926,-0.768623710639,-1.12105233455,-0.445454971313,2.18749734989
1407776810266631066,531,0,,jaco_joint_1,jaco_joint_2,jaco_joint_3,jaco_joint_4,jaco_joint_5,jaco_joint_6,0.785555822534,-2.07511647926,-0.768623710639,-1.12105233455,-0.445454971313,2.18749734989
1407776810366633226,532,0,,jaco_joint_1,jaco_joint_2,jaco_joint_3,jaco_joint_4,jaco_joint_5,jaco_joint_6,0.853627817893,-2.07511647926,-0.768623710639,-1.12105233455,-0.445454971313,2.18749734989
1407776810466536710,533,0,,jaco_joint_1,jaco_joint_2,jaco_joint_3,jaco_joint_4,jaco_joint_5,jaco_joint_6,0.92344391745,-2.07511647926,-0.768623710639,-1.12105233455,-0.445454971313,2.18749734989
1407776810566623507,534,0,,jaco_joint_1,jaco_joint_2,jaco_joint_3,jaco_joint_4,jaco_joint_5,jaco_joint_6,0.993256022265,-2.07511647926,-0.768623710639,-1.12105233455,-0.445454971313,2.18749734989
1407776810666524938,535,0,,jaco_joint_1,jaco_joint_2,jaco_joint_3,jaco_joint_4,jaco_joint_5,jaco_joint_6,1.06132282446,-2.07511647926,-0.768623710639,-1.12105233455,-0.445454971313,2.18749734989
1407776810766493098,536,0,,jaco_joint_1,jaco_joint_2,jaco_joint_3,jaco_joint_4,jaco_joint_5,jaco_joint_6,1.13113492928,-2.07511647926,-0.768623710639,-1.12105233455,-0.445454971313,2.18749734989
1407776810866699156,537,0,,jaco_joint_1,jaco_joint_2,jaco_joint_3,jaco_joint_4,jaco_joint_5,jaco_joint_6,1.20094703409,-2.07511647926,-0.768623710639,-1.12105233455,-0.445454971313,2.18749734989
1407776810966519465,538,0,,jaco_joint_1,jaco_joint_2,jaco_joint_3,jaco_joint_4,jaco_joint_5,jaco_joint_6,1.26901383629,-2.07511647926,-0.768623710639,-1.12105233455,-0.445454971313,2.18749734989
1407776811066734887,539,0,,jaco_joint_1,jaco_joint_2,jaco_joint_3,jaco_joint_4,jaco_joint_5,jaco_joint_6,1.3388259411,-2.07511647926,-0.768623710639,-1.12105233455,-0.445454971313,2.18749734989
1407776811165520252,540,0,,jaco_joint_1,jaco_joint_2,jaco_joint_3,jaco_joint_4,jaco_joint_5,jaco_joint_6,1.4068927433,-2.07511647926,-0.768623710639,-1.12105233455,-0.445454971313,2.18749734989
1407776811266534234,541,0,,jaco_joint_1,jaco_joint_2,jaco_joint_3,jaco_joint_4,jaco_joint_5,jaco_joint_6,1.47670484811,-2.07511647926,-0.768623710639,-1.12105233455,-0.445454971313,2.18749734989
1407776811367627499,542,0,,jaco_joint_1,jaco_joint_2,jaco_joint_3,jaco_joint_4,jaco_joint_5,jaco_joint_6,1.54477165031,-2.07511647926,-0.768623710639,-1.12105233455,-0.445454971313,2.18749734989
1407776811466627914,543,0,,jaco_joint_1,jaco_joint_2,jaco_joint_3,jaco_joint_4,jaco_joint_5,jaco_joint_6,1.61458375512,-2.07511647926,-0.768623710639,-1.12105233455,-0.445454971313,2.18749734989
1407776811566496130,544,0,,jaco_joint_1,jaco_joint_2,jaco_joint_3,jaco_joint_4,jaco_joint_5,jaco_joint_6,1.68439585994,-2.07511647926,-0.768623710639,-1.12105233455,-0.445454971313,2.18749734989
1407776811666605008,545,0,,jaco_joint_1,jaco_joint_2,jaco_joint_3,jaco_joint_4,jaco_joint_5,jaco_joint_6,1.75246266213,-2.07511647926,-0.768623710639,-1.12105233455,-0.445454971313,2.18749734989
1407776811766548973,546,0,,jaco_joint_1,jaco_joint_2,jaco_joint_3,jaco_joint_4,jaco_joint_5,jaco_joint_6,1.82227476695,-2.07511647926,-0.768623710639,-1.12105233455,-0.445454971313,2.18749734989
1407776811866530148,547,0,,jaco_joint_1,jaco_joint_2,jaco_joint_3,jaco_joint_4,jaco_joint_5,jaco_joint_6,1.89208687176,-2.07511647926,-0.768623710639,-1.12105233455,-0.445454971313,2.18749734989
1407776811966609400,548,0,,jaco_joint_1,jaco_joint_2,jaco_joint_3,jaco_joint_4,jaco_joint_5,jaco_joint_6,1.96015367396,-2.07511647926,-0.768623710639,-1.12105233455,-0.445454971313,2.18749734989
1407776812066639294,549,0,,jaco_joint_1,jaco_joint_2,jaco_joint_3,jaco_joint_4,jaco_joint_5,jaco_joint_6,2.02996577877,-2.07511647926,-0.768623710639,-1.12105233455,-0.445454971313,2.18749734989
1407776812166491794,550,0,,jaco_joint_1,jaco_joint_2,jaco_joint_3,jaco_joint_4,jaco_joint_5,jaco_joint_6,2.09803258097,-2.07511647926,-0.768623710639,-1.12105233455,-0.445454971313,2.18749734989
1407776812266706521,551,0,,jaco_joint_1,jaco_joint_2,jaco_joint_3,jaco_joint_4,jaco_joint_5,jaco_joint_6,2.16784468578,-2.07511647926,-0.768623710639,-1.12105233455,-0.445454971313,2.18749734989
1407776812367502739,552,0,,jaco_joint_1,jaco_joint_2,jaco_joint_3,jaco_joint_4,jaco_joint_5,jaco_joint_6,2.23591148798,-2.07511647926,-0.768623710639,-1.12105233455,-0.445454971313,2.18749734989
1407776812469605754,553,0,,jaco_joint_1,jaco_joint_2,jaco_joint_3,jaco_joint_4,jaco_joint_5,jaco_joint_6,2.31270480328,-2.07511647926,-0.768623710639,-1.12105233455,-0.445454971313,2.18749734989
1407776812566717300,554,0,,jaco_joint_1,jaco_joint_2,jaco_joint_3,jaco_joint_4,jaco_joint_5,jaco_joint_6,2.37553569761,-2.07511647926,-0.768623710639,-1.12105233455,-0.445454971313,2.18749734989
1407776812666576654,555,0,,jaco_joint_1,jaco_joint_2,jaco_joint_3,jaco_joint_4,jaco_joint_5,jaco_joint_6,2.44360263296,-2.07511647926,-0.768623710639,-1.12105233455,-0.445454971313,2.18749734989
1407776812766478317,556,0,,jaco_joint_1,jaco_joint_2,jaco_joint_3,jaco_joint_4,jaco_joint_5,jaco_joint_6,2.51341473778,-2.07511647926,-0.768623710639,-1.12105233455,-0.445454971313,2.18749734989
1407776812866662189,557,0,,jaco_joint_1,jaco_joint_2,jaco_joint_3,jaco_joint_4,jaco_joint_5,jaco_joint_6,2.58148140681,-2.07511647926,-0.768623710639,-1.12105233455,-0.445454971313,2.18749734989
1407776812966494244,558,0,,jaco_joint_1,jaco_joint_2,jaco_joint_3,jaco_joint_4,jaco_joint_5,jaco_joint_6,2.65129484321,-2.07511647926,-0.768623710639,-1.12105233455,-0.445454971313,2.18749734989
1407776813066526345,559,0,,jaco_joint_1,jaco_joint_2,jaco_joint_3,jaco_joint_4,jaco_joint_5,jaco_joint_6,2.71936284383,-2.07511647926,-0.768623710639,-1.12105233455,-0.445454971313,2.18749734989
1407776813167618142,560,0,,jaco_joint_1,jaco_joint_2,jaco_joint_3,jaco_joint_4,jaco_joint_5,jaco_joint_6,2.77521359294,-2.07511647926,-0.768623710639,-1.12105233455,-0.445454971313,2.18749734989
1407776813266548521,561,0,,jaco_joint_1,jaco_joint_2,jaco_joint_3,jaco_joint_4,jaco_joint_5,jaco_joint_6,2.80488440328,-2.07511647926,-0.768623710639,-1.12105233455,-0.445454971313,2.18749734989
1407776813366723667,562,0,,jaco_joint_1,jaco_joint_2,jaco_joint_3,jaco_joint_4,jaco_joint_5,jaco_joint_6,2.81186561376,-2.07511647926,-0.768623710639,-1.12105233455,-0.445454971313,2.18749734989
1407776813466522276,563,0,,jaco_joint_1,jaco_joint_2,jaco_joint_3,jaco_joint_4,jaco_joint_5,jaco_joint_6,2.81361104954,-2.07511647926,-0.768623710639,-1.12105233455,-0.445454971313,2.18749734989
1407776813567671667,564,0,,jaco_joint_1,jaco_joint_2,jaco_joint_3,jaco_joint_4,jaco_joint_5,jaco_joint_6,2.81361104954,-2.07511647926,-0.768623710639,-1.12105233455,-0.445454971313,2.18749734989
1407776813666486500,565,0,,jaco_joint_1,jaco_joint_2,jaco_joint_3,jaco_joint_4,jaco_joint_5,jaco_joint_6,2.81361104954,-2.07511647926,-0.768623710639,-1.12105233455,-0.445454971313,2.18749734989
1407776813766495627,566,0,,jaco_joint_1,jaco_joint_2,jaco_joint_3,jaco_joint_4,jaco_joint_5,jaco_joint_6,2.81361104954,-2.07511647926,-0.768623710639,-1.12105233455,-0.445454971313,2.18749734989
1407776813866744146,567,0,,jaco_joint_1,jaco_joint_2,jaco_joint_3,jaco_joint_4,jaco_joint_5,jaco_joint_6,2.81361104954,-2.07511647926,-0.768623710639,-1.12105233455,-0.445454971313,2.18749734989
1407776813966614878,568,0,,jaco_joint_1,jaco_joint_2,jaco_joint_3,jaco_joint_4,jaco_joint_5,jaco_joint_6,2.81361104954,-2.07511647926,-0.768623710639,-1.12105233455,-0.445454971313,2.18749734989
1407776814066503626,569,0,,jaco_joint_1,jaco_joint_2,jaco_joint_3,jaco_joint_4,jaco_joint_5,jaco_joint_6,2.81535648532,-2.07511647926,-0.768623710639,-1.12105233455,-0.445454971313,2.18749734989
1407776814166730734,570,0,,jaco_joint_1,jaco_joint_2,jaco_joint_3,jaco_joint_4,jaco_joint_5,jaco_joint_6,2.81535648532,-2.07511647926,-0.768623710639,-1.12105233455,-0.445454971313,2.18749734989
1407776814266556556,571,0,,jaco_joint_1,jaco_joint_2,jaco_joint_3,jaco_joint_4,jaco_joint_5,jaco_joint_6,2.81535648532,-2.07511647926,-0.768623710639,-1.12105233455,-0.445454971313,2.18749734989
1407776814366508286,572,0,,jaco_joint_1,jaco_joint_2,jaco_joint_3,jaco_joint_4,jaco_joint_5,jaco_joint_6,2.81535648532,-2.07511647926,-0.768623710639,-1.12105233455,-0.445454971313,2.18749734989
1407776814466681957,573,0,,jaco_joint_1,jaco_joint_2,jaco_joint_3,jaco_joint_4,jaco_joint_5,jaco_joint_6,2.81535648532,-2.07511647926,-0.768623710639,-1.12105233455,-0.445454971313,2.18749734989
1407776814566499511,574,0,,jaco_joint_1,jaco_joint_2,jaco_joint_3,jaco_joint_4,jaco_joint_5,jaco_joint_6,2.81535648532,-2.07511647926,-0.768623710639,-1.12105233455,-0.445454971313,2.18749734989
1407776814666585648,575,0,,jaco_joint_1,jaco_joint_2,jaco_joint_3,jaco_joint_4,jaco_joint_5,jaco_joint_6,2.81535648532,-2.07511647926,-0.768623710639,-1.12105233455,-0.445454971313,2.18749734989
1407776814766563009,576,0,,jaco_joint_1,jaco_joint_2,jaco_joint_3,jaco_joint_4,jaco_joint_5,jaco_joint_6,2.81535648532,-2.07511647926,-0.768623710639,-1.12105233455,-0.445454971313,2.18749734989
1407776814866487129,577,0,,jaco_joint_1,jaco_joint_2,jaco_joint_3,jaco_joint_4,jaco_joint_5,jaco_joint_6,2.81535648532,-2.07511647926,-0.768623710639,-1.12105233455,-0.445454971313,2.18749734989
1407776814967579319,578,0,,jaco_joint_1,jaco_joint_2,jaco_joint_3,jaco_joint_4,jaco_joint_5,jaco_joint_6,2.81535648532,-2.07511647926,-0.768623710639,-1.12105233455,-0.445454971313,2.18749734989
1407776815066563093,579,0,,jaco_joint_1,jaco_joint_2,jaco_joint_3,jaco_joint_4,jaco_joint_5,jaco_joint_6,2.81535648532,-2.07511647926,-0.768623710639,-1.12105233455,-0.445454971313,2.18749734989
1407776815166483583,580,0,,jaco_joint_1,jaco_joint_2,jaco_joint_3,jaco_joint_4,jaco_joint_5,jaco_joint_6,2.81535648532,-2.07511647926,-0.768623710639,-1.12105233455,-0.445454971313,2.18749734989
1407776815266458523,581,0,,jaco_joint_1,jaco_joint_2,jaco_joint_3,jaco_joint_4,jaco_joint_5,jaco_joint_6,2.81535648532,-2.07511647926,-0.768623710639,-1.12105233455,-0.445454971313,2.18749734989
1407776815366479184,582,0,,jaco_joint_1,jaco_joint_2,jaco_joint_3,jaco_joint_4,jaco_joint_5,jaco_joint_6,2.81535648532,-2.07511647926,-0.768623710639,-1.12105233455,-0.445454971313,2.18749734989
1407776815466499888,583,0,,jaco_joint_1,jaco_joint_2,jaco_joint_3,jaco_joint_4,jaco_joint_5,jaco_joint_6,2.81535648532,-2.07511647926,-0.768623710639,-1.12105233455,-0.445454971313,2.18749734989
1407776815566469487,584,0,,jaco_joint_1,jaco_joint_2,jaco_joint_3,jaco_joint_4,jaco_joint_5,jaco_joint_6,2.81535648532,-2.07511647926,-0.768623710639,-1.12105233455,-0.445454971313,2.18749734989
1407776815666449096,585,0,,jaco_joint_1,jaco_joint_2,jaco_joint_3,jaco_joint_4,jaco_joint_5,jaco_joint_6,2.81535648532,-2.07511647926,-0.768623710639,-1.12105233455,-0.445454971313,2.18749734989
1407776815766671486,586,0,,jaco_joint_1,jaco_joint_2,jaco_joint_3,jaco_joint_4,jaco_joint_5,jaco_joint_6,2.81535648532,-2.07511647926,-0.768623710639,-1.12105233455,-0.445454971313,2.18749734989
1407776815866668081,587,0,,jaco_joint_1,jaco_joint_2,jaco_joint_3,jaco_joint_4,jaco_joint_5,jaco_joint_6,2.81535648532,-2.07511647926,-0.768623710639,-1.12105233455,-0.445454971313,2.18749734989
